BFS_NR,GEBIET_NAME,THEMA_NAME,SET_NAME,SUBSET_NAME,INDIKATOR_ID,INDIKATOR_NAME,INDIKATOR_JAHR,INDIKATOR_VALUE,EINHEIT_KURZ,EINHEIT_LANG,...12,BFS_N
1,Aeugst a.A.,Bevölkerung und Soziales,Einkommen und Vermögen,Steuerbares Einkommen,316,Steuerb. Einkommen natürl. Pers. Median [Fr.],2021,63500,Fr.,Franken,NA,1
2,Affoltern a.A.,Bevölkerung und Soziales,Einkommen und Vermögen,Steuerbares Einkommen,316,Steuerb. Einkommen natürl. Pers. Median [Fr.],2021,51000,Fr.,Franken,NA,2
3,Bonstetten,Bevölkerung und Soziales,Einkommen und Vermögen,Steuerbares Einkommen,316,Steuerb. Einkommen natürl. Pers. Median [Fr.],2021,64800,Fr.,Franken,NA,3
4,Hausen a.A.,Bevölkerung und Soziales,Einkommen und Vermögen,Steuerbares Einkommen,316,Steuerb. Einkommen natürl. Pers. Median [Fr.],2021,57900,Fr.,Franken,NA,4
5,Hedingen,Bevölkerung und Soziales,Einkommen und Vermögen,Steuerbares Einkommen,316,Steuerb. Einkommen natürl. Pers. Median [Fr.],2021,61700,Fr.,Franken,NA,5
6,Kappel a.A.,Bevölkerung und Soziales,Einkommen und Vermögen,Steuerbares Einkommen,316,Steuerb. Einkommen natürl. Pers. Median [Fr.],2021,64500,Fr.,Franken,NA,6
7,Knonau,Bevölkerung und Soziales,Einkommen und Vermögen,Steuerbares Einkommen,316,Steuerb. Einkommen natürl. Pers. Median [Fr.],2021,62000,Fr.,Franken,NA,7
8,Maschwanden,Bevölkerung und Soziales,Einkommen und Vermögen,Steuerbares Einkommen,316,Steuerb. Einkommen natürl. Pers. Median [Fr.],2021,53300,Fr.,Franken,NA,8
9,Mettmenstetten,Bevölkerung und Soziales,Einkommen und Vermögen,Steuerbares Einkommen,316,Steuerb. Einkommen natürl. Pers. Median [Fr.],2021,61300,Fr.,Franken,NA,9
10,Obfelden,Bevölkerung und Soziales,Einkommen und Vermögen,Steuerbares Einkommen,316,Steuerb. Einkommen natürl. Pers. Median [Fr.],2021,55800,Fr.,Franken,NA,10
11,Ottenbach,Bevölkerung und Soziales,Einkommen und Vermögen,Steuerbares Einkommen,316,Steuerb. Einkommen natürl. Pers. Median [Fr.],2021,60500,Fr.,Franken,NA,11
12,Rifferswil,Bevölkerung und Soziales,Einkommen und Vermögen,Steuerbares Einkommen,316,Steuerb. Einkommen natürl. Pers. Median [Fr.],2021,65400,Fr.,Franken,NA,12
13,Stallikon,Bevölkerung und Soziales,Einkommen und Vermögen,Steuerbares Einkommen,316,Steuerb. Einkommen natürl. Pers. Median [Fr.],2021,70800,Fr.,Franken,NA,13
14,Wettswil a.A.,Bevölkerung und Soziales,Einkommen und Vermögen,Steuerbares Einkommen,316,Steuerb. Einkommen natürl. Pers. Median [Fr.],2021,73500,Fr.,Franken,NA,14
21,Adlikon (bis 2022),Bevölkerung und Soziales,Einkommen und Vermögen,Steuerbares Einkommen,316,Steuerb. Einkommen natürl. Pers. Median [Fr.],2021,59700,Fr.,Franken,NA,21
22,Benken,Bevölkerung und Soziales,Einkommen und Vermögen,Steuerbares Einkommen,316,Steuerb. Einkommen natürl. Pers. Median [Fr.],2021,52400,Fr.,Franken,NA,22
23,Berg a.I.,Bevölkerung und Soziales,Einkommen und Vermögen,Steuerbares Einkommen,316,Steuerb. Einkommen natürl. Pers. Median [Fr.],2021,58700,Fr.,Franken,NA,23
24,Buch a.I.,Bevölkerung und Soziales,Einkommen und Vermögen,Steuerbares Einkommen,316,Steuerb. Einkommen natürl. Pers. Median [Fr.],2021,60700,Fr.,Franken,NA,24
25,Dachsen,Bevölkerung und Soziales,Einkommen und Vermögen,Steuerbares Einkommen,316,Steuerb. Einkommen natürl. Pers. Median [Fr.],2021,60500,Fr.,Franken,NA,25
26,Dorf,Bevölkerung und Soziales,Einkommen und Vermögen,Steuerbares Einkommen,316,Steuerb. Einkommen natürl. Pers. Median [Fr.],2021,61100,Fr.,Franken,NA,26
27,Feuerthalen,Bevölkerung und Soziales,Einkommen und Vermögen,Steuerbares Einkommen,316,Steuerb. Einkommen natürl. Pers. Median [Fr.],2021,53300,Fr.,Franken,NA,27
28,Flaach,Bevölkerung und Soziales,Einkommen und Vermögen,Steuerbares Einkommen,316,Steuerb. Einkommen natürl. Pers. Median [Fr.],2021,58600,Fr.,Franken,NA,28
29,Flurlingen,Bevölkerung und Soziales,Einkommen und Vermögen,Steuerbares Einkommen,316,Steuerb. Einkommen natürl. Pers. Median [Fr.],2021,61600,Fr.,Franken,NA,29
30,Andelfingen (bis 2022),Bevölkerung und Soziales,Einkommen und Vermögen,Steuerbares Einkommen,316,Steuerb. Einkommen natürl. Pers. Median [Fr.],2021,58000,Fr.,Franken,NA,30
31,Henggart,Bevölkerung und Soziales,Einkommen und Vermögen,Steuerbares Einkommen,316,Steuerb. Einkommen natürl. Pers. Median [Fr.],2021,56700,Fr.,Franken,NA,31
32,Humlikon (bis 2022),Bevölkerung und Soziales,Einkommen und Vermögen,Steuerbares Einkommen,316,Steuerb. Einkommen natürl. Pers. Median [Fr.],2021,59000,Fr.,Franken,NA,32
33,Kleinandelfingen,Bevölkerung und Soziales,Einkommen und Vermögen,Steuerbares Einkommen,316,Steuerb. Einkommen natürl. Pers. Median [Fr.],2021,56600,Fr.,Franken,NA,33
34,Laufen-Uhwiesen,Bevölkerung und Soziales,Einkommen und Vermögen,Steuerbares Einkommen,316,Steuerb. Einkommen natürl. Pers. Median [Fr.],2021,61500,Fr.,Franken,NA,34
35,Marthalen,Bevölkerung und Soziales,Einkommen und Vermögen,Steuerbares Einkommen,316,Steuerb. Einkommen natürl. Pers. Median [Fr.],2021,56300,Fr.,Franken,NA,35
37,Ossingen,Bevölkerung und Soziales,Einkommen und Vermögen,Steuerbares Einkommen,316,Steuerb. Einkommen natürl. Pers. Median [Fr.],2021,53700,Fr.,Franken,NA,37
38,Rheinau,Bevölkerung und Soziales,Einkommen und Vermögen,Steuerbares Einkommen,316,Steuerb. Einkommen natürl. Pers. Median [Fr.],2021,52800,Fr.,Franken,NA,38
39,Thalheim a.d.Th.,Bevölkerung und Soziales,Einkommen und Vermögen,Steuerbares Einkommen,316,Steuerb. Einkommen natürl. Pers. Median [Fr.],2021,56700,Fr.,Franken,NA,39
40,Trüllikon,Bevölkerung und Soziales,Einkommen und Vermögen,Steuerbares Einkommen,316,Steuerb. Einkommen natürl. Pers. Median [Fr.],2021,53300,Fr.,Franken,NA,40
41,Truttikon,Bevölkerung und Soziales,Einkommen und Vermögen,Steuerbares Einkommen,316,Steuerb. Einkommen natürl. Pers. Median [Fr.],2021,54800,Fr.,Franken,NA,41
43,Volken,Bevölkerung und Soziales,Einkommen und Vermögen,Steuerbares Einkommen,316,Steuerb. Einkommen natürl. Pers. Median [Fr.],2021,53800,Fr.,Franken,NA,43
51,Bachenbülach,Bevölkerung und Soziales,Einkommen und Vermögen,Steuerbares Einkommen,316,Steuerb. Einkommen natürl. Pers. Median [Fr.],2021,53600,Fr.,Franken,NA,51
52,Bassersdorf,Bevölkerung und Soziales,Einkommen und Vermögen,Steuerbares Einkommen,316,Steuerb. Einkommen natürl. Pers. Median [Fr.],2021,56900,Fr.,Franken,NA,52
53,Bülach,Bevölkerung und Soziales,Einkommen und Vermögen,Steuerbares Einkommen,316,Steuerb. Einkommen natürl. Pers. Median [Fr.],2021,53800,Fr.,Franken,NA,53
54,Dietlikon,Bevölkerung und Soziales,Einkommen und Vermögen,Steuerbares Einkommen,316,Steuerb. Einkommen natürl. Pers. Median [Fr.],2021,55400,Fr.,Franken,NA,54
55,Eglisau,Bevölkerung und Soziales,Einkommen und Vermögen,Steuerbares Einkommen,316,Steuerb. Einkommen natürl. Pers. Median [Fr.],2021,60400,Fr.,Franken,NA,55
56,Embrach,Bevölkerung und Soziales,Einkommen und Vermögen,Steuerbares Einkommen,316,Steuerb. Einkommen natürl. Pers. Median [Fr.],2021,51400,Fr.,Franken,NA,56
57,Freienstein-Teufen,Bevölkerung und Soziales,Einkommen und Vermögen,Steuerbares Einkommen,316,Steuerb. Einkommen natürl. Pers. Median [Fr.],2021,57500,Fr.,Franken,NA,57
58,Glattfelden,Bevölkerung und Soziales,Einkommen und Vermögen,Steuerbares Einkommen,316,Steuerb. Einkommen natürl. Pers. Median [Fr.],2021,55600,Fr.,Franken,NA,58
59,Hochfelden,Bevölkerung und Soziales,Einkommen und Vermögen,Steuerbares Einkommen,316,Steuerb. Einkommen natürl. Pers. Median [Fr.],2021,56800,Fr.,Franken,NA,59
60,Höri,Bevölkerung und Soziales,Einkommen und Vermögen,Steuerbares Einkommen,316,Steuerb. Einkommen natürl. Pers. Median [Fr.],2021,49200,Fr.,Franken,NA,60
61,Hüntwangen,Bevölkerung und Soziales,Einkommen und Vermögen,Steuerbares Einkommen,316,Steuerb. Einkommen natürl. Pers. Median [Fr.],2021,61600,Fr.,Franken,NA,61
62,Kloten,Bevölkerung und Soziales,Einkommen und Vermögen,Steuerbares Einkommen,316,Steuerb. Einkommen natürl. Pers. Median [Fr.],2021,50000,Fr.,Franken,NA,62
63,Lufingen,Bevölkerung und Soziales,Einkommen und Vermögen,Steuerbares Einkommen,316,Steuerb. Einkommen natürl. Pers. Median [Fr.],2021,67200,Fr.,Franken,NA,63
64,Nürensdorf,Bevölkerung und Soziales,Einkommen und Vermögen,Steuerbares Einkommen,316,Steuerb. Einkommen natürl. Pers. Median [Fr.],2021,62800,Fr.,Franken,NA,64
65,Oberembrach,Bevölkerung und Soziales,Einkommen und Vermögen,Steuerbares Einkommen,316,Steuerb. Einkommen natürl. Pers. Median [Fr.],2021,61500,Fr.,Franken,NA,65
66,Opfikon,Bevölkerung und Soziales,Einkommen und Vermögen,Steuerbares Einkommen,316,Steuerb. Einkommen natürl. Pers. Median [Fr.],2021,52700,Fr.,Franken,NA,66
67,Rafz,Bevölkerung und Soziales,Einkommen und Vermögen,Steuerbares Einkommen,316,Steuerb. Einkommen natürl. Pers. Median [Fr.],2021,56100,Fr.,Franken,NA,67
68,Rorbas,Bevölkerung und Soziales,Einkommen und Vermögen,Steuerbares Einkommen,316,Steuerb. Einkommen natürl. Pers. Median [Fr.],2021,53100,Fr.,Franken,NA,68
69,Wallisellen,Bevölkerung und Soziales,Einkommen und Vermögen,Steuerbares Einkommen,316,Steuerb. Einkommen natürl. Pers. Median [Fr.],2021,59700,Fr.,Franken,NA,69
70,Wasterkingen,Bevölkerung und Soziales,Einkommen und Vermögen,Steuerbares Einkommen,316,Steuerb. Einkommen natürl. Pers. Median [Fr.],2021,57600,Fr.,Franken,NA,70
71,Wil,Bevölkerung und Soziales,Einkommen und Vermögen,Steuerbares Einkommen,316,Steuerb. Einkommen natürl. Pers. Median [Fr.],2021,60000,Fr.,Franken,NA,71
72,Winkel,Bevölkerung und Soziales,Einkommen und Vermögen,Steuerbares Einkommen,316,Steuerb. Einkommen natürl. Pers. Median [Fr.],2021,69400,Fr.,Franken,NA,72
81,Bachs,Bevölkerung und Soziales,Einkommen und Vermögen,Steuerbares Einkommen,316,Steuerb. Einkommen natürl. Pers. Median [Fr.],2021,57500,Fr.,Franken,NA,81
82,Boppelsen,Bevölkerung und Soziales,Einkommen und Vermögen,Steuerbares Einkommen,316,Steuerb. Einkommen natürl. Pers. Median [Fr.],2021,70700,Fr.,Franken,NA,82
83,Buchs,Bevölkerung und Soziales,Einkommen und Vermögen,Steuerbares Einkommen,316,Steuerb. Einkommen natürl. Pers. Median [Fr.],2021,54500,Fr.,Franken,NA,83
84,Dällikon,Bevölkerung und Soziales,Einkommen und Vermögen,Steuerbares Einkommen,316,Steuerb. Einkommen natürl. Pers. Median [Fr.],2021,55400,Fr.,Franken,NA,84
85,Dänikon,Bevölkerung und Soziales,Einkommen und Vermögen,Steuerbares Einkommen,316,Steuerb. Einkommen natürl. Pers. Median [Fr.],2021,55200,Fr.,Franken,NA,85
86,Dielsdorf,Bevölkerung und Soziales,Einkommen und Vermögen,Steuerbares Einkommen,316,Steuerb. Einkommen natürl. Pers. Median [Fr.],2021,52700,Fr.,Franken,NA,86
87,Hüttikon,Bevölkerung und Soziales,Einkommen und Vermögen,Steuerbares Einkommen,316,Steuerb. Einkommen natürl. Pers. Median [Fr.],2021,71200,Fr.,Franken,NA,87
88,Neerach,Bevölkerung und Soziales,Einkommen und Vermögen,Steuerbares Einkommen,316,Steuerb. Einkommen natürl. Pers. Median [Fr.],2021,70500,Fr.,Franken,NA,88
89,Niederglatt,Bevölkerung und Soziales,Einkommen und Vermögen,Steuerbares Einkommen,316,Steuerb. Einkommen natürl. Pers. Median [Fr.],2021,53000,Fr.,Franken,NA,89
90,Niederhasli,Bevölkerung und Soziales,Einkommen und Vermögen,Steuerbares Einkommen,316,Steuerb. Einkommen natürl. Pers. Median [Fr.],2021,53700,Fr.,Franken,NA,90
91,Niederweningen,Bevölkerung und Soziales,Einkommen und Vermögen,Steuerbares Einkommen,316,Steuerb. Einkommen natürl. Pers. Median [Fr.],2021,58200,Fr.,Franken,NA,91
92,Oberglatt,Bevölkerung und Soziales,Einkommen und Vermögen,Steuerbares Einkommen,316,Steuerb. Einkommen natürl. Pers. Median [Fr.],2021,50100,Fr.,Franken,NA,92
93,Oberweningen,Bevölkerung und Soziales,Einkommen und Vermögen,Steuerbares Einkommen,316,Steuerb. Einkommen natürl. Pers. Median [Fr.],2021,57700,Fr.,Franken,NA,93
94,Otelfingen,Bevölkerung und Soziales,Einkommen und Vermögen,Steuerbares Einkommen,316,Steuerb. Einkommen natürl. Pers. Median [Fr.],2021,60000,Fr.,Franken,NA,94
95,Regensberg,Bevölkerung und Soziales,Einkommen und Vermögen,Steuerbares Einkommen,316,Steuerb. Einkommen natürl. Pers. Median [Fr.],2021,62300,Fr.,Franken,NA,95
96,Regensdorf,Bevölkerung und Soziales,Einkommen und Vermögen,Steuerbares Einkommen,316,Steuerb. Einkommen natürl. Pers. Median [Fr.],2021,51100,Fr.,Franken,NA,96
97,Rümlang,Bevölkerung und Soziales,Einkommen und Vermögen,Steuerbares Einkommen,316,Steuerb. Einkommen natürl. Pers. Median [Fr.],2021,51400,Fr.,Franken,NA,97
98,Schleinikon,Bevölkerung und Soziales,Einkommen und Vermögen,Steuerbares Einkommen,316,Steuerb. Einkommen natürl. Pers. Median [Fr.],2021,57900,Fr.,Franken,NA,98
99,Schöfflisdorf,Bevölkerung und Soziales,Einkommen und Vermögen,Steuerbares Einkommen,316,Steuerb. Einkommen natürl. Pers. Median [Fr.],2021,63600,Fr.,Franken,NA,99
100,Stadel,Bevölkerung und Soziales,Einkommen und Vermögen,Steuerbares Einkommen,316,Steuerb. Einkommen natürl. Pers. Median [Fr.],2021,57700,Fr.,Franken,NA,100
101,Steinmaur,Bevölkerung und Soziales,Einkommen und Vermögen,Steuerbares Einkommen,316,Steuerb. Einkommen natürl. Pers. Median [Fr.],2021,55900,Fr.,Franken,NA,101
102,Weiach,Bevölkerung und Soziales,Einkommen und Vermögen,Steuerbares Einkommen,316,Steuerb. Einkommen natürl. Pers. Median [Fr.],2021,54400,Fr.,Franken,NA,102
111,Bäretswil,Bevölkerung und Soziales,Einkommen und Vermögen,Steuerbares Einkommen,316,Steuerb. Einkommen natürl. Pers. Median [Fr.],2021,53500,Fr.,Franken,NA,111
112,Bubikon,Bevölkerung und Soziales,Einkommen und Vermögen,Steuerbares Einkommen,316,Steuerb. Einkommen natürl. Pers. Median [Fr.],2021,57200,Fr.,Franken,NA,112
113,Dürnten,Bevölkerung und Soziales,Einkommen und Vermögen,Steuerbares Einkommen,316,Steuerb. Einkommen natürl. Pers. Median [Fr.],2021,53000,Fr.,Franken,NA,113
114,Fischenthal,Bevölkerung und Soziales,Einkommen und Vermögen,Steuerbares Einkommen,316,Steuerb. Einkommen natürl. Pers. Median [Fr.],2021,49500,Fr.,Franken,NA,114
115,Gossau,Bevölkerung und Soziales,Einkommen und Vermögen,Steuerbares Einkommen,316,Steuerb. Einkommen natürl. Pers. Median [Fr.],2021,55300,Fr.,Franken,NA,115
116,Grüningen,Bevölkerung und Soziales,Einkommen und Vermögen,Steuerbares Einkommen,316,Steuerb. Einkommen natürl. Pers. Median [Fr.],2021,55200,Fr.,Franken,NA,116
117,Hinwil,Bevölkerung und Soziales,Einkommen und Vermögen,Steuerbares Einkommen,316,Steuerb. Einkommen natürl. Pers. Median [Fr.],2021,52800,Fr.,Franken,NA,117
118,Rüti,Bevölkerung und Soziales,Einkommen und Vermögen,Steuerbares Einkommen,316,Steuerb. Einkommen natürl. Pers. Median [Fr.],2021,47400,Fr.,Franken,NA,118
119,Seegräben,Bevölkerung und Soziales,Einkommen und Vermögen,Steuerbares Einkommen,316,Steuerb. Einkommen natürl. Pers. Median [Fr.],2021,56500,Fr.,Franken,NA,119
120,Wald,Bevölkerung und Soziales,Einkommen und Vermögen,Steuerbares Einkommen,316,Steuerb. Einkommen natürl. Pers. Median [Fr.],2021,46000,Fr.,Franken,NA,120
121,Wetzikon,Bevölkerung und Soziales,Einkommen und Vermögen,Steuerbares Einkommen,316,Steuerb. Einkommen natürl. Pers. Median [Fr.],2021,50200,Fr.,Franken,NA,121
131,Adliswil,Bevölkerung und Soziales,Einkommen und Vermögen,Steuerbares Einkommen,316,Steuerb. Einkommen natürl. Pers. Median [Fr.],2021,56600,Fr.,Franken,NA,131
135,Kilchberg,Bevölkerung und Soziales,Einkommen und Vermögen,Steuerbares Einkommen,316,Steuerb. Einkommen natürl. Pers. Median [Fr.],2021,84800,Fr.,Franken,NA,135
136,Langnau a.A.,Bevölkerung und Soziales,Einkommen und Vermögen,Steuerbares Einkommen,316,Steuerb. Einkommen natürl. Pers. Median [Fr.],2021,56100,Fr.,Franken,NA,136
137,Oberrieden,Bevölkerung und Soziales,Einkommen und Vermögen,Steuerbares Einkommen,316,Steuerb. Einkommen natürl. Pers. Median [Fr.],2021,67300,Fr.,Franken,NA,137
138,Richterswil,Bevölkerung und Soziales,Einkommen und Vermögen,Steuerbares Einkommen,316,Steuerb. Einkommen natürl. Pers. Median [Fr.],2021,57400,Fr.,Franken,NA,138
139,Rüschlikon,Bevölkerung und Soziales,Einkommen und Vermögen,Steuerbares Einkommen,316,Steuerb. Einkommen natürl. Pers. Median [Fr.],2021,79300,Fr.,Franken,NA,139
141,Thalwil,Bevölkerung und Soziales,Einkommen und Vermögen,Steuerbares Einkommen,316,Steuerb. Einkommen natürl. Pers. Median [Fr.],2021,66100,Fr.,Franken,NA,141
151,Erlenbach,Bevölkerung und Soziales,Einkommen und Vermögen,Steuerbares Einkommen,316,Steuerb. Einkommen natürl. Pers. Median [Fr.],2021,78700,Fr.,Franken,NA,151
152,Herrliberg,Bevölkerung und Soziales,Einkommen und Vermögen,Steuerbares Einkommen,316,Steuerb. Einkommen natürl. Pers. Median [Fr.],2021,80400,Fr.,Franken,NA,152
153,Hombrechtikon,Bevölkerung und Soziales,Einkommen und Vermögen,Steuerbares Einkommen,316,Steuerb. Einkommen natürl. Pers. Median [Fr.],2021,51600,Fr.,Franken,NA,153
154,Küsnacht,Bevölkerung und Soziales,Einkommen und Vermögen,Steuerbares Einkommen,316,Steuerb. Einkommen natürl. Pers. Median [Fr.],2021,75800,Fr.,Franken,NA,154
155,Männedorf,Bevölkerung und Soziales,Einkommen und Vermögen,Steuerbares Einkommen,316,Steuerb. Einkommen natürl. Pers. Median [Fr.],2021,63900,Fr.,Franken,NA,155
156,Meilen,Bevölkerung und Soziales,Einkommen und Vermögen,Steuerbares Einkommen,316,Steuerb. Einkommen natürl. Pers. Median [Fr.],2021,70800,Fr.,Franken,NA,156
157,Oetwil a.S.,Bevölkerung und Soziales,Einkommen und Vermögen,Steuerbares Einkommen,316,Steuerb. Einkommen natürl. Pers. Median [Fr.],2021,52000,Fr.,Franken,NA,157
158,Stäfa,Bevölkerung und Soziales,Einkommen und Vermögen,Steuerbares Einkommen,316,Steuerb. Einkommen natürl. Pers. Median [Fr.],2021,60600,Fr.,Franken,NA,158
159,Uetikon a.S.,Bevölkerung und Soziales,Einkommen und Vermögen,Steuerbares Einkommen,316,Steuerb. Einkommen natürl. Pers. Median [Fr.],2021,65000,Fr.,Franken,NA,159
160,Zumikon,Bevölkerung und Soziales,Einkommen und Vermögen,Steuerbares Einkommen,316,Steuerb. Einkommen natürl. Pers. Median [Fr.],2021,71500,Fr.,Franken,NA,160
161,Zollikon,Bevölkerung und Soziales,Einkommen und Vermögen,Steuerbares Einkommen,316,Steuerb. Einkommen natürl. Pers. Median [Fr.],2021,75000,Fr.,Franken,NA,161
172,Fehraltorf,Bevölkerung und Soziales,Einkommen und Vermögen,Steuerbares Einkommen,316,Steuerb. Einkommen natürl. Pers. Median [Fr.],2021,58800,Fr.,Franken,NA,172
173,Hittnau,Bevölkerung und Soziales,Einkommen und Vermögen,Steuerbares Einkommen,316,Steuerb. Einkommen natürl. Pers. Median [Fr.],2021,56700,Fr.,Franken,NA,173
176,Lindau,Bevölkerung und Soziales,Einkommen und Vermögen,Steuerbares Einkommen,316,Steuerb. Einkommen natürl. Pers. Median [Fr.],2021,59400,Fr.,Franken,NA,176
177,Pfäffikon,Bevölkerung und Soziales,Einkommen und Vermögen,Steuerbares Einkommen,316,Steuerb. Einkommen natürl. Pers. Median [Fr.],2021,55000,Fr.,Franken,NA,177
178,Russikon,Bevölkerung und Soziales,Einkommen und Vermögen,Steuerbares Einkommen,316,Steuerb. Einkommen natürl. Pers. Median [Fr.],2021,59100,Fr.,Franken,NA,178
180,Weisslingen,Bevölkerung und Soziales,Einkommen und Vermögen,Steuerbares Einkommen,316,Steuerb. Einkommen natürl. Pers. Median [Fr.],2021,57600,Fr.,Franken,NA,180
181,Wila,Bevölkerung und Soziales,Einkommen und Vermögen,Steuerbares Einkommen,316,Steuerb. Einkommen natürl. Pers. Median [Fr.],2021,49000,Fr.,Franken,NA,181
182,Wildberg,Bevölkerung und Soziales,Einkommen und Vermögen,Steuerbares Einkommen,316,Steuerb. Einkommen natürl. Pers. Median [Fr.],2021,57100,Fr.,Franken,NA,182
191,Dübendorf,Bevölkerung und Soziales,Einkommen und Vermögen,Steuerbares Einkommen,316,Steuerb. Einkommen natürl. Pers. Median [Fr.],2021,55900,Fr.,Franken,NA,191
192,Egg,Bevölkerung und Soziales,Einkommen und Vermögen,Steuerbares Einkommen,316,Steuerb. Einkommen natürl. Pers. Median [Fr.],2021,57500,Fr.,Franken,NA,192
193,Fällanden,Bevölkerung und Soziales,Einkommen und Vermögen,Steuerbares Einkommen,316,Steuerb. Einkommen natürl. Pers. Median [Fr.],2021,59000,Fr.,Franken,NA,193
194,Greifensee,Bevölkerung und Soziales,Einkommen und Vermögen,Steuerbares Einkommen,316,Steuerb. Einkommen natürl. Pers. Median [Fr.],2021,56900,Fr.,Franken,NA,194
195,Maur,Bevölkerung und Soziales,Einkommen und Vermögen,Steuerbares Einkommen,316,Steuerb. Einkommen natürl. Pers. Median [Fr.],2021,64600,Fr.,Franken,NA,195
196,Mönchaltorf,Bevölkerung und Soziales,Einkommen und Vermögen,Steuerbares Einkommen,316,Steuerb. Einkommen natürl. Pers. Median [Fr.],2021,54200,Fr.,Franken,NA,196
197,Schwerzenbach,Bevölkerung und Soziales,Einkommen und Vermögen,Steuerbares Einkommen,316,Steuerb. Einkommen natürl. Pers. Median [Fr.],2021,56000,Fr.,Franken,NA,197
198,Uster,Bevölkerung und Soziales,Einkommen und Vermögen,Steuerbares Einkommen,316,Steuerb. Einkommen natürl. Pers. Median [Fr.],2021,55000,Fr.,Franken,NA,198
199,Volketswil,Bevölkerung und Soziales,Einkommen und Vermögen,Steuerbares Einkommen,316,Steuerb. Einkommen natürl. Pers. Median [Fr.],2021,55200,Fr.,Franken,NA,199
200,Wangen-Brüttisellen,Bevölkerung und Soziales,Einkommen und Vermögen,Steuerbares Einkommen,316,Steuerb. Einkommen natürl. Pers. Median [Fr.],2021,56800,Fr.,Franken,NA,200
211,Altikon,Bevölkerung und Soziales,Einkommen und Vermögen,Steuerbares Einkommen,316,Steuerb. Einkommen natürl. Pers. Median [Fr.],2021,56800,Fr.,Franken,NA,211
213,Brütten,Bevölkerung und Soziales,Einkommen und Vermögen,Steuerbares Einkommen,316,Steuerb. Einkommen natürl. Pers. Median [Fr.],2021,67200,Fr.,Franken,NA,213
214,Dägerlen,Bevölkerung und Soziales,Einkommen und Vermögen,Steuerbares Einkommen,316,Steuerb. Einkommen natürl. Pers. Median [Fr.],2021,55400,Fr.,Franken,NA,214
215,Dättlikon,Bevölkerung und Soziales,Einkommen und Vermögen,Steuerbares Einkommen,316,Steuerb. Einkommen natürl. Pers. Median [Fr.],2021,69600,Fr.,Franken,NA,215
216,Dinhard,Bevölkerung und Soziales,Einkommen und Vermögen,Steuerbares Einkommen,316,Steuerb. Einkommen natürl. Pers. Median [Fr.],2021,63700,Fr.,Franken,NA,216
218,Ellikon a.d.Th.,Bevölkerung und Soziales,Einkommen und Vermögen,Steuerbares Einkommen,316,Steuerb. Einkommen natürl. Pers. Median [Fr.],2021,60400,Fr.,Franken,NA,218
219,Elsau,Bevölkerung und Soziales,Einkommen und Vermögen,Steuerbares Einkommen,316,Steuerb. Einkommen natürl. Pers. Median [Fr.],2021,53100,Fr.,Franken,NA,219
220,Hagenbuch,Bevölkerung und Soziales,Einkommen und Vermögen,Steuerbares Einkommen,316,Steuerb. Einkommen natürl. Pers. Median [Fr.],2021,54100,Fr.,Franken,NA,220
221,Hettlingen,Bevölkerung und Soziales,Einkommen und Vermögen,Steuerbares Einkommen,316,Steuerb. Einkommen natürl. Pers. Median [Fr.],2021,62300,Fr.,Franken,NA,221
223,Neftenbach,Bevölkerung und Soziales,Einkommen und Vermögen,Steuerbares Einkommen,316,Steuerb. Einkommen natürl. Pers. Median [Fr.],2021,60600,Fr.,Franken,NA,223
224,Pfungen,Bevölkerung und Soziales,Einkommen und Vermögen,Steuerbares Einkommen,316,Steuerb. Einkommen natürl. Pers. Median [Fr.],2021,53400,Fr.,Franken,NA,224
225,Rickenbach,Bevölkerung und Soziales,Einkommen und Vermögen,Steuerbares Einkommen,316,Steuerb. Einkommen natürl. Pers. Median [Fr.],2021,54700,Fr.,Franken,NA,225
226,Schlatt,Bevölkerung und Soziales,Einkommen und Vermögen,Steuerbares Einkommen,316,Steuerb. Einkommen natürl. Pers. Median [Fr.],2021,56200,Fr.,Franken,NA,226
227,Seuzach,Bevölkerung und Soziales,Einkommen und Vermögen,Steuerbares Einkommen,316,Steuerb. Einkommen natürl. Pers. Median [Fr.],2021,60200,Fr.,Franken,NA,227
228,Turbenthal,Bevölkerung und Soziales,Einkommen und Vermögen,Steuerbares Einkommen,316,Steuerb. Einkommen natürl. Pers. Median [Fr.],2021,47600,Fr.,Franken,NA,228
230,Winterthur,Bevölkerung und Soziales,Einkommen und Vermögen,Steuerbares Einkommen,316,Steuerb. Einkommen natürl. Pers. Median [Fr.],2021,49100,Fr.,Franken,NA,230
231,Zell,Bevölkerung und Soziales,Einkommen und Vermögen,Steuerbares Einkommen,316,Steuerb. Einkommen natürl. Pers. Median [Fr.],2021,49600,Fr.,Franken,NA,231
241,Aesch ZH,Bevölkerung und Soziales,Einkommen und Vermögen,Steuerbares Einkommen,316,Steuerb. Einkommen natürl. Pers. Median [Fr.],2021,73200,Fr.,Franken,NA,241
242,Birmensdorf,Bevölkerung und Soziales,Einkommen und Vermögen,Steuerbares Einkommen,316,Steuerb. Einkommen natürl. Pers. Median [Fr.],2021,62100,Fr.,Franken,NA,242
243,Dietikon,Bevölkerung und Soziales,Einkommen und Vermögen,Steuerbares Einkommen,316,Steuerb. Einkommen natürl. Pers. Median [Fr.],2021,46700,Fr.,Franken,NA,243
244,Geroldswil,Bevölkerung und Soziales,Einkommen und Vermögen,Steuerbares Einkommen,316,Steuerb. Einkommen natürl. Pers. Median [Fr.],2021,54200,Fr.,Franken,NA,244
245,Oberengstringen,Bevölkerung und Soziales,Einkommen und Vermögen,Steuerbares Einkommen,316,Steuerb. Einkommen natürl. Pers. Median [Fr.],2021,51700,Fr.,Franken,NA,245
246,Oetwil a.d.L.,Bevölkerung und Soziales,Einkommen und Vermögen,Steuerbares Einkommen,316,Steuerb. Einkommen natürl. Pers. Median [Fr.],2021,62000,Fr.,Franken,NA,246
247,Schlieren,Bevölkerung und Soziales,Einkommen und Vermögen,Steuerbares Einkommen,316,Steuerb. Einkommen natürl. Pers. Median [Fr.],2021,50300,Fr.,Franken,NA,247
248,Uitikon,Bevölkerung und Soziales,Einkommen und Vermögen,Steuerbares Einkommen,316,Steuerb. Einkommen natürl. Pers. Median [Fr.],2021,87900,Fr.,Franken,NA,248
249,Unterengstringen,Bevölkerung und Soziales,Einkommen und Vermögen,Steuerbares Einkommen,316,Steuerb. Einkommen natürl. Pers. Median [Fr.],2021,60200,Fr.,Franken,NA,249
250,Urdorf,Bevölkerung und Soziales,Einkommen und Vermögen,Steuerbares Einkommen,316,Steuerb. Einkommen natürl. Pers. Median [Fr.],2021,54800,Fr.,Franken,NA,250
251,Weiningen,Bevölkerung und Soziales,Einkommen und Vermögen,Steuerbares Einkommen,316,Steuerb. Einkommen natürl. Pers. Median [Fr.],2021,55000,Fr.,Franken,NA,251
261,Zürich,Bevölkerung und Soziales,Einkommen und Vermögen,Steuerbares Einkommen,316,Steuerb. Einkommen natürl. Pers. Median [Fr.],2021,54200,Fr.,Franken,NA,261
291,Andelfingen,Bevölkerung und Soziales,Einkommen und Vermögen,Steuerbares Einkommen,316,Steuerb. Einkommen natürl. Pers. Median [Fr.],2021,58700,Fr.,Franken,NA,291
292,Stammheim,Bevölkerung und Soziales,Einkommen und Vermögen,Steuerbares Einkommen,316,Steuerb. Einkommen natürl. Pers. Median [Fr.],2021,55200,Fr.,Franken,NA,292
293,Wädenswil,Bevölkerung und Soziales,Einkommen und Vermögen,Steuerbares Einkommen,316,Steuerb. Einkommen natürl. Pers. Median [Fr.],2021,56000,Fr.,Franken,NA,293
294,Elgg,Bevölkerung und Soziales,Einkommen und Vermögen,Steuerbares Einkommen,316,Steuerb. Einkommen natürl. Pers. Median [Fr.],2021,52000,Fr.,Franken,NA,294
295,Horgen,Bevölkerung und Soziales,Einkommen und Vermögen,Steuerbares Einkommen,316,Steuerb. Einkommen natürl. Pers. Median [Fr.],2021,59000,Fr.,Franken,NA,295
296,Illnau-Effretikon,Bevölkerung und Soziales,Einkommen und Vermögen,Steuerbares Einkommen,316,Steuerb. Einkommen natürl. Pers. Median [Fr.],2021,50000,Fr.,Franken,NA,296
297,Bauma,Bevölkerung und Soziales,Einkommen und Vermögen,Steuerbares Einkommen,316,Steuerb. Einkommen natürl. Pers. Median [Fr.],2021,49100,Fr.,Franken,NA,297
298,Wiesendangen,Bevölkerung und Soziales,Einkommen und Vermögen,Steuerbares Einkommen,316,Steuerb. Einkommen natürl. Pers. Median [Fr.],2021,60700,Fr.,Franken,NA,298
